Workbook

Sheet Grade Import
A1: SDA SENIOR HIGH SCHOOL, KOFORIDUA — SEMESTER ASSESSMENT SCORE SHEET
A3: Academic Year | D3: 2026/2027 | H3: Programme | J3: Business
A4: Semester | D4: Semester 1 | H4: Subject | J4: Accounting
A5: Class | D5: 2BUS 1A | H5: Subject Teacher
A6: Project type this semester: | D6: =IF(D4="Semester 1","GROUP project / research (out of class)",IF(D4="Semester 2","INDIVIDUAL project / research (out of class)","")) -> GROUP project / research (out of class)
A7: Yellow = enter marks already scaled to the weight shown (e.g. Mid Sem out of 15) · Grey = calculated for checking, not imported · Enter 0 if a student has no mark.
A9: S/N | B9: Student ID | C9: BECE Index No. | D9: Surname | E9: Other Names | F9: Gender | G9: Class Assessment (15) | H9: Mid Sem (15) | I9: Practical / Portfolio (10) | J9: Project Work (20) | K9: Semester Exam (40) | L9: Total (100) | M9: Grade | N9: Remarks
A10: 1 | B10: SDA/25/0101 | C10: 0050401012 | D10: ACHEAMPONG | E10: Kwabena Yeboah | F10: M | G10: 12 | H10: 11 | I10: 8 | J10: 16 | K10: 30 | L10: =IF(COUNTBLANK(G10:K10)>0,"",SUM(G10:K10)) -> 77 | M10: =IF(L10="","",VLOOKUP(L10,'Grading Scale'!$A$2:$C$10,3,TRUE())) -> B2 | N10: =IF(L10="","",VLOOKUP(L10,'Grading Scale'!$A$2:$D$10,4,TRUE())) -> Very Good
A11: 2 | B11: SDA/25/0102 | C11: 0050402087 | D11: ADDO | E11: Abena Serwaa | F11: F | G11: 14 | H11: 13 | I11: 9 | J11: 18 | K11: 35 | L11: =IF(COUNTBLANK(G11:K11)>0,"",SUM(G11:K11)) -> 89 | M11: =IF(L11="","",VLOOKUP(L11,'Grading Scale'!$A$2:$C$10,3,TRUE())) -> A1 | N11: =IF(L11="","",VLOOKUP(L11,'Grading Scale'!$A$2:$D$10,4,TRUE())) -> Excellent
A12: 3 | B12: SDA/25/0103 | C12: 0050715034 | D12: AGYEMANG | E12: Kofi Owusu | F12: M | G12: 9 | H12: 8 | I12: 6 | J12: 13 | K12: 21 | L12: =IF(COUNTBLANK(G12:K12)>0,"",SUM(G12:K12)) -> 57 | M12: =IF(L12="","",VLOOKUP(L12,'Grading Scale'!$A$2:$C$10,3,TRUE())) -> C5 | N12: =IF(L12="","",VLOOKUP(L12,'Grading Scale'!$A$2:$D$10,4,TRUE())) -> Credit
A13: 4 | B13: SDA/25/0104 | C13: 0050401145 | D13: AMPONSAH | E13: Akosua Nyarko | F13: F | G13: 11 | H13: 10 | I13: 7 | J13: 15 | K13: 27 | L13: =IF(COUNTBLANK(G13:K13)>0,"",SUM(G13:K13)) -> 70 | M13: =IF(L13="","",VLOOKUP(L13,'Grading Scale'!$A$2:$C$10,3,TRUE())) -> B2 | N13: =IF(L13="","",VLOOKUP(L13,'Grading Scale'!$A$2:$D$10,4,TRUE())) -> Very Good
A14: 5 | B14: SDA/25/0105 | C14: 0051203009 | D14: ANSAH | E14: Emmanuel Kwame | F14: M | G14: 13 | H14: 14 | I14: 9 | J14: 17 | K14: 36 | L14: =IF(COUNTBLANK(G14:K14)>0,"",SUM(G14:K14)) -> 89 | M14: =IF(L14="","",VLOOKUP(L14,'Grading Scale'!$A$2:$C$10,3,TRUE())) -> A1 | N14: =IF(L14="","",VLOOKUP(L14,'Grading Scale'!$A$2:$D$10,4,TRUE())) -> Excellent
A15: 6 | B15: SDA/25/0106 | C15: 0050401220 | D15: ASANTE | E15: Gifty Ama | F15: F | G15: 7 | H15: 6 | I15: 5 | J15: 12 | K15: 15 | L15: =IF(COUNTBLANK(G15:K15)>0,"",SUM(G15:K15)) -> 45 | M15: =IF(L15="","",VLOOKUP(L15,'Grading Scale'!$A$2:$C$10,3,TRUE())) -> D7 | N15: =IF(L15="","",VLOOKUP(L15,'Grading Scale'!$A$2:$D$10,4,TRUE())) -> Pass
A16: 7 | B16: SDA/25/0107 | C16: 0050803061 | D16: BOATENG | E16: Daniel Kojo | F16: M | G16: 10 | H16: 9 | I16: 7 | J16: 14 | K16: 24 | L16: =IF(COUNTBLANK(G16:K16)>0,"",SUM(G16:K16)) -> 64 | M16: =IF(L16="","",VLOOKUP(L16,'Grading Scale'!$A$2:$C$10,3,TRUE())) -> C4 | N16: =IF(L16="","",VLOOKUP(L16,'Grading Scale'!$A$2:$D$10,4,TRUE())) -> Credit
A17: 8 | B17: SDA/25/0108 | C17: 0050401307 | D17: DARKO | E17: Esther Adjoa | F17: F | G17: 12 | H17: 12 | I17: 8 | J17: 16 | K17: 29 | L17: =IF(COUNTBLANK(G17:K17)>0,"",SUM(G17:K17)) -> 77 | M17: =IF(L17="","",VLOOKUP(L17,'Grading Scale'!$A$2:$C$10,3,TRUE())) -> B2 | N17: =IF(L17="","",VLOOKUP(L17,'Grading Scale'!$A$2:$D$10,4,TRUE())) -> Very Good
A18: 9 | B18: SDA/25/0109 | C18: 0050902118 | D18: FRIMPONG | E18: Samuel Yaw | F18: M | G18: 8 | H18: 0 | I18: 6 | J18: 13 | K18: 19 | L18: =IF(COUNTBLANK(G18:K18)>0,"",SUM(G18:K18)) -> 46 | M18: =IF(L18="","",VLOOKUP(L18,'Grading Scale'!$A$2:$C$10,3,TRUE())) -> D7 | N18: =IF(L18="","",VLOOKUP(L18,'Grading Scale'!$A$2:$D$10,4,TRUE())) -> Pass
A19: 10 | B19: SDA/25/0110 | C19: 0050401388 | D19: GYAMFI | E19: Priscilla Efua | F19: F | G19: 13 | H19: 12 | I19: 8 | J19: 17 | K19: 31 | L19: =IF(COUNTBLANK(G19:K19)>0,"",SUM(G19:K19)) -> 81 | M19: =IF(L19="","",VLOOKUP(L19,'Grading Scale'!$A$2:$C$10,3,TRUE())) -> A1 | N19: =IF(L19="","",VLOOKUP(L19,'Grading Scale'!$A$2:$D$10,4,TRUE())) -> Excellent
A20: 11 | B20: SDA/25/0111 | C20: 0050604027 | D20: MENSAH | E20: Isaac Kwesi | F20: M | G20: 11 | H20: 9 | I20: 7 | J20: 15 | K20: 25 | L20: =IF(COUNTBLANK(G20:K20)>0,"",SUM(G20:K20)) -> 67 | M20: =IF(L20="","",VLOOKUP(L20,'Grading Scale'!$A$2:$C$10,3,TRUE())) -> B3 | N20: =IF(L20="","",VLOOKUP(L20,'Grading Scale'!$A$2:$D$10,4,TRUE())) -> Good
A21: 12 | B21: SDA/25/0112 | C21: 0050401412 | D21: NKANSAH | E21: Comfort Akua | F21: F | G21: 10 | H21: 10 | I21: 7 | J21: 14 | K21: 22 | L21: =IF(COUNTBLANK(G21:K21)>0,"",SUM(G21:K21)) -> 63 | M21: =IF(L21="","",VLOOKUP(L21,'Grading Scale'!$A$2:$C$10,3,TRUE())) -> C4 | N21: =IF(L21="","",VLOOKUP(L21,'Grading Scale'!$A$2:$D$10,4,TRUE())) -> Credit
... A24: 15 | B24: SDA/25/0115 | C24: 0051007053 | D24: OWUSU | E24: Felix Kofi | F24: M | G24: 11 | H24: 11 | I24: 8 | J24: 15 | K24: 26 | L24: =IF(COUNTBLANK(G24:K24)>0,"",SUM(G24:K24)) -> 71 | M24: =IF(L24="","",VLOOKUP(L24,'Grading Scale'!$A$2:$C$10,3,TRUE())) -> B2 | N24: =IF(L24="","",VLOOKUP(L24,'Grading Scale'!$A$2:$D$10,4,TRUE())) -> Very Good
J26: Students | L26: =COUNTA(B10:B24) -> 15
J27: Class average | L27: =IFERROR(ROUND(AVERAGE(L10:L24),1),"") -> 68.3
J28: Highest | L28: =MAX(L10:L24) -> 93
J29: Lowest | L29: =MIN(L10:L24) -> 36
J30: Not yet complete | L30: =COUNTA(B10:B24)-COUNT(L10:L24) -> 0
J31: Passed (40+) | L31: =COUNTIF(L10:L24,">=40") -> 14

Sheet Instructions
A1: HOW TO USE THIS SCORE SHEET
A3: 1. One file = one subject, one class, one semester. The academic year has two semesters.
A4: 2. Fill the yellow header cells: Academic Year, Semester, Class, Programme, Subject, Subject Teacher.
A5: 3. The student list (Student ID, BECE Index No., names, gender) is exported from the system's class register. Do not retype, re-sort or edit IDs.
A6: 4. Enter each mark already scaled to its weight:
A7: Class Assessment /15 · Mid Sem /15 · Practical/Portfolio /10 · Project Work /20 · Semester Exam /40 = 100
A8: e.g. if the mid-sem paper was marked out of 50 and a student scored 36, enter 36 ÷ 50 × 15 = 10.8.
A9: Check the Subject Combinations tab to confirm the subject is offered by the class.
A10: 5. Project Work: Semester 1 is a GROUP project; Semester 2 is an INDIVIDUAL project (see the Assessment Weights tab).
A11: 6. If a student has no mark for a component — absent, or did not do/submit it — enter 0. Do not type letters such as ABS or leave it blank.
A12: 7. Leave a cell blank only if the mark is not ready yet — the total stays empty until all five marks are in.
A13: 8. Total, Grade and Remarks (grey) are for your checking only. The system recalculates them on import.
... A21: • Rejected rows are listed in an error report with the reason; valid rows are saved.

Sheet Grading Scale
A1: Min Score | B1: Max Score | C1: Grade | D1: Interpretation | F1: Edit this table if the school uses a different grading scale. Grade and Remarks on the score sheet update automatically.
A2: 0 | B2: 39 | C2: F9 | D2: Fail
A3: 40 | B3: 44 | C3: E8 | D3: Pass
A4: 45 | B4: 49 | C4: D7 | D4: Pass
A5: 50 | B5: 54 | C5: C6 | D5: Credit
A6: 55 | B6: 59 | C6: C5 | D6: Credit
A7: 60 | B7: 64 | C7: C4 | D7: Credit
A8: 65 | B8: 69 | C8: B3 | D8: Good
A9: 70 | B9: 79 | C9: B2 | D9: Very Good
A10: 80 | B10: 100 | C10: A1 | D10: Excellent

Sheet Assessment Weights
A1: # | B1: Mode of Assessment — Semester 1 | C1: Mode of Assessment — Semester 2 | D1: Weight (%)
A2: 1 | B2: Individual Class Assessments (Classwork, Quizzes, Homework) | C2: Individual Class Assessments (Classwork, Quizzes, Mid-Sem Test, Homework) | D2: 15
A3: 2 | B3: Mid Sem | C3: Mid Sem | D3: 15
A4: 3 | B4: Practical or Portfolio or Performance Assessment (Individual) | C4: Practical or Portfolio or Performance Assessment (Individual) | D4: 10
A5: 4 | B5: Group Projects, Research, Case Studies, Practical/Lab Work, Workshops, Performances, Presentations (Out of Class) | C5: Individual Projects, Research, Case Studies, Practical/Lab Work, Workshops, Performances, Presentations (Out of Class) | D5: 20
A6: 5 | B6: Supervised Individual Semester Assessment | C6: Supervised Individual Semester Assessment | D6: 40
C7: Total | D7: =SUM(D2:D6) -> 100

Sheet Lists
A1: Semester | B1: Programme | C1: Subject | D1: Class | F1: Source: 2026/2027 Subject Combination (Sept 2026 edition). Form 2 and 3 class codes follow the Form 1 pattern — check against the actual class list.
A2: Semester 1 | B2: Science | C2: English Language | D2: 1G/S 1A
A3: Semester 2 | B3: General Arts | C3: General Mathematics | D3: 1G/S 1B
B4: Business | C4: General Science | D4: 1G/S 1C
B5: Home Economics | C5: Social Studies | D5: 1G/S 1D
B6: Languages | C6: Physical Education & Health (PEH) | D6: 1G/S 1E
B7: Visual Art | C7: Accounting | D7: 1G/S 1F
C8: Additional Mathematics | D8: 1G/S 1G
C9: Art & Design Foundation | D9: 1G/A 1A
C10: Art & Design Studio | D10: 1G/A 1B
C11: Biology | D11: 1G/A 2A
C12: Business Management | D12: 1G/A 2B
C13: Chemistry | D13: 1G/A 3A
C14: Clothing & Textiles | D14: 1G/A 3B
C15: Computing | D15: 1G/A 4
C16: Economics | D16: 1BUS 1A
C17: Foods & Nutrition | D17: 1BUS 1B
C18: French | D18: 1BUS 2A
C19: Geography | D19: 1BUS 2B
... C30: Religious Studies | D30: 1H/E 3C
D31: 1L1 1A
D32: 1L1 1B
D33: 1L2 2A
D34: 1L2 2B
D35: 1VIS 1A
D36: 1VIS 1B
D37: 1VIS 1C
D38: 1VIS 2A
D39: 1VIS 2B
D40: 2G/S 1A
D41: 2G/S 1B
D42: 2G/S 1C
... D115: 3VIS 2B

Sheet Subject Combinations
A1: SDA SHS, ASOKORE-KOFORIDUA — 2026/2027 SUBJECT COMBINATIONS (Sept 2026 edition)
A2: Core (all students): English Language, General Mathematics, General Science, Social Studies, Physical Education & Health (PEH). Science students do not offer General Science.
A3: * Students on this option MUST drop one of the starred subjects before SHS 3.
A5: Learning Area | B5: Option | C5: Class (Form 1) | D5: Label | E5: Elective 1 | F5: Elective 2 | G5: Elective 3 | H5: Elective 4 | I5: Elective 5 | J5: Elective 6
A6: Science | B6: Option 1 | C6: 1G/S 1A | D6: Science | E6: Physics | F6: Chemistry | G6: Biology | H6: Additional Mathematics | I6: Geography | J6: Economics
A7: Science | B7: Option 2 | C7: 1G/S 1B | D7: Science | E7: Physics | F7: Chemistry | G7: Biology | H7: Additional Mathematics | I7: Computing | J7: Business Management
A8: Science | B8: Option 3 | C8: 1G/S 1C | D8: Science | E8: Physics | F8: Chemistry | G8: Biology | H8: Additional Mathematics | I8: Computing | J8: Economics
A9: Science | B9: Option 4 | C9: 1G/S 1D | D9: Science | E9: Physics | F9: Chemistry | G9: Biology | H9: Additional Mathematics | I9: Computing | J9: French
A10: Science | B10: Option 5 | C10: 1G/S 1E | D10: Science | E10: Physics | F10: Chemistry | G10: Biology | H10: Additional Mathematics | I10: Geography | J10: Business Management
A11: Science | B11: Option 6 | C11: 1G/S 1F | D11: Science | E11: Physics | F11: Chemistry | G11: Biology | H11: Additional Mathematics | I11: Geography | J11: French
A12: Science | B12: Option 7* | C12: 1G/S 1G | D12: Science | E12: Physics | F12: Chemistry | G12: Biology | H12: Additional Mathematics | I12: Geography* | J12: Computing*
A13: General Arts | B13: Option 1 | C13: 1G/A 1A | D13: Arts 1 | E13: Government | F13: History | G13: Literature in English | H13: Performing Art | I13: Ghanaian Language (Akuapem Twi)
A14: General Arts | B14: Option 2 | C14: 1G/A 1B | D14: Arts 1 | E14: Government | F14: History | G14: Literature in English | H14: Performing Art | I14: French
A15: General Arts | B15: Option 3 | C15: 1G/A 2A | D15: Arts 2 | E15: Geography | F15: Economics | G15: Religious Studies | H15: Business Management | I15: ICT
A16: General Arts | B16: Option 4 | C16: 1G/A 2B | D16: Arts 2 | E16: Government | F16: History | G16: Economics | H16: PEH (Elective) | I16: Accounting
A17: General Arts | B17: Option 5 | C17: 1G/A 3A | D17: Arts 3 | E17: Economics | F17: Religious Studies | G17: Art & Design Foundation | H17: Music | I17: PEH (Elective)
A18: General Arts | B18: Option 6 | C18: 1G/A 3B | D18: Arts 3 | E18: Government | F18: History | G18: Economics | H18: Art & Design Foundation | I18: ICT
A19: General Arts | B19: Option 7 | C19: 1G/A 4 | D19: Arts 4 | E19: Government | F19: Economics | G19: Geography | H19: Additional Mathematics | I19: Computing
A20: Business | B20: Option 1 | C20: 1BUS 1A | D20: Bus 1 | E20: Business Management | F20: Accounting | G20: Economics | H20: ICT | I20: Art & Design Studio
A21: Business | B21: Option 2 | C21: 1BUS 1B | D21: Bus 1 | E21: Business Management | F21: Accounting | G21: Economics | H21: ICT | I21: French
A22: Business | B22: Option 3 | C22: 1BUS 2A | D22: Bus 2 | E22: Business Management | F22: Accounting | G22: Economics | H22: Additional Mathematics | I22: Computing
A23: Business | B23: Option 4 | C23: 1BUS 2B | D23: Bus 2 | E23: Business Management | F23: Accounting | G23: Economics | H23: Additional Mathematics | I23: French
A24: Business | B24: Option 5 | C24: 1BUS 2C | D24: Bus 2 | E24: Business Management | F24: Accounting | G24: Economics | H24: Additional Mathematics | I24: Art & Design Foundation
... A32: Home Economics | B32: Option 8 | C32: 1H/E 3A | D32: H/Econs 3 | E32: Management in Living | F32: Foods & Nutrition | G32: Chemistry | H32: French | I32: PEH (Elective)
A33: Home Economics | B33: Option 9* | C33: 1H/E 3B | D33: H/Econs 3 | E33: Management in Living | F33: Foods & Nutrition | G33: Biology* | H33: Chemistry* | I33: Additional Mathematics | J33: ICT
A34: Home Economics | B34: Option 10* | C34: 1H/E 3C | D34: H/Econs 3 | E34: Management in Living | F34: Clothing & Textiles | G34: Biology* | H34: Chemistry* | I34: Additional Mathematics | J34: ICT
A35: Languages | B35: Option 1 | C35: 1L1 1A | D35: Lang 1 | E35: Ghanaian Language (Akuapem Twi) | F35: Literature in English | G35: French | H35: ICT | I35: Performing Art
A36: Languages | B36: Option 2 | C36: 1L1 1B | D36: Lang 1 | E36: Ghanaian Language (Akuapem Twi) | F36: Literature in English | G36: French | H36: Music | I36: ICT
A37: Languages | B37: Option 3 | C37: 1L2 2A | D37: Lang 2 | E37: Ghanaian Language (Akuapem Twi) | F37: Literature in English | G37: Religious Studies | H37: ICT | I37: Performing Art
A38: Languages | B38: Option 4 | C38: 1L2 2B | D38: Lang 2 | E38: Ghanaian Language (Akuapem Twi) | F38: Literature in English | G38: History | H38: PEH (Elective) | I38: Performing Art
A39: Visual Art | B39: Option 1 | C39: 1VIS 1A | D39: Visual 1 | E39: Art & Design Foundation | F39: Art & Design Studio | G39: Business Management | H39: Additional Mathematics | I39: French
A40: Visual Art | B40: Option 2 | C40: 1VIS 1B | D40: Visual 1 | E40: Art & Design Foundation | F40: Art & Design Studio | G40: Business Management | H40: ICT | I40: PEH (Elective)
A41: Visual Art | B41: Option 3 | C41: 1VIS 1C | D41: Visual 1 | E41: Art & Design Foundation | F41: Art & Design Studio | G41: Business Management | H41: Additional Mathematics | I41: Computing
A42: Visual Art | B42: Option 5 | C42: 1VIS 2A | D42: Visual 2 | E42: Art & Design Foundation | F42: Art & Design Studio | G42: Accounting | H42: ICT | I42: PEH (Elective)
A43: Visual Art | B43: Option 6 | C43: 1VIS 2B | D43: Visual 2 | E43: Art & Design Foundation | F43: Art & Design Studio | G43: Economics | H43: ICT | I43: PEH (Elective)
